{
  "x": {
    "min": -6.580303917885674,
    "max": 6.661655004740666,
    "mean": 0.0,
    "std": 3.711022039299076
  },
  "y": {
    "min": -4.0935631627437905,
    "max": 6.194057561815062,
    "mean": 6.809367884367626e-17,
    "std": 2.9230743714977105
  },
  "z": {
    "min": -4.300538149983792,
    "max": 5.791472033442603,
    "mean": -9.473903143468003e-17,
    "std": 2.449742426891399
  }
}