{
  "n_components": 3,
  "n_samples": 150,
  "n_features_original": 46,
  "variance_explained": [
    0.2993844473079017,
    0.1857470387240594,
    0.13046169474155997
  ],
  "cumulative_variance": [
    0.2993844473079017,
    0.4851314860319611,
    0.6155931807735211
  ],
  "total_variance_explained": 0.6155931807735211,
  "principal_components": {
    "PC1": 0.2993844473079017,
    "PC2": 0.1857470387240594,
    "PC3": 0.13046169474155997
  }
}