{
  "n_clusters": 12,
  "n_samples": 150,
  "silhouette_score": 0.5520023068508751,
  "davies_bouldin_index": 0.6367751464771431,
  "calinski_harabasz_index": 406.15870515473796,
  "cluster_sizes": {
    "0": 11,
    "1": 13,
    "2": 12,
    "3": 10,
    "4": 18,
    "5": 17,
    "6": 7,
    "7": 12,
    "8": 15,
    "9": 12,
    "10": 8,
    "11": 15
  },
  "cluster_centers": [
    [
      -3.8300567273477513,
      -1.90071928099104,
      -0.5226484403959147
    ],
    [
      2.8969656694056902,
      -0.0077314258849128835,
      -0.4870582125302893
    ],
    [
      0.3786948676585128,
      5.870678717193507,
      -0.3161833801578628
    ],
    [
      -5.526558214090002,
      1.781067363790707,
      4.57537543802119
    ],
    [
      2.0952657232154364,
      1.665489966217495,
      -3.4719238942359403
    ],
    [
      4.89387766221926,
      -2.3682168817056612,
      1.102048039901333
    ],
    [
      -2.5769390875505644,
      -2.8952806725647022,
      -3.4933760448771927
    ],
    [
      5.6484117674858325,
      -2.565242438744664,
      3.975100399565927
    ],
    [
      0.05566190748404002,
      4.328291363522677,
      0.8335977647509811
    ],
    [
      -0.9399107785590055,
      -0.9880803656298635,
      -1.8021806322006217
    ],
    [
      -6.426795343483863,
      -1.1930387637663058,
      2.5563072148176027
    ],
    [
      -3.5735595577809165,
      -3.2961834668003305,
      -1.3796453251462217
    ]
  ]
}